queue,developer,project,submitted,mw,end_use,end_use_reading,asset_class,type_fuel,county,state,zone,poi_raw,poi_names,poi_kv,poi_shape,utility,ato,status,in_service
205,National Grid,Luther Forest,2005-11-02,40,,,,Load Interconnection,Saratoga,NY,F,Round Lake 115kV,Round Lake,115,line_end,NM-NG,,14,I/S
849,"Somerset Operating Company, LLC",Somerset Load,2019-05-21,250,,,,Load Interconnection,Niagara,NY,A,Kintigh 345kV,Kintigh,345,line_end,NYSEG,,14,I/S
1446,Air Products and Chemicals Inc,Massena Green Hydrogen,2022-10-05,110,,,,Load Interconnection,St Lawrence,NY,E,Haverstock - Adirondack 345 kV line 1,Haverstock | Adirondack,345 | 345,line_end,NYPA,,0,
1465,"Digihost Technologies, Inc.",Digihost load,2022-11-14,50.2,,,,Load Interconnection,Niagara,NY,A,Walck Rd. 115kV,Walck Rd,115,line_end,NM-NG,,14,I/S
0290A,Green Island Power Authority,Green Island Power,2008-04-07,20,,,,Load Interconnection,Albany,NY,F,Maplewood - Johnson Rd 115kV,Maplewood | Johnson Rd,115 | 115,line_end,NM-NG,,14,I/S
0311,NY State Electric & Gas,Concord Casino,2008-09-24,48,,,,Load Interconnection,Sullivan,NY,E,Coopers Corner - Rock Hill,Coopers Corner | Rock Hill, | ,line_end,NYSEG,,0,
0359,National Grid,Verizon - Project Oasis,2010-12-20,75,,,,Load Interconnection,Niagara,NY,A,Somerset - Kintigh 345kV,Somerset | Kintigh,345 | 345,line_end,NYSEG,,0,
0423,Rochester Gas & Electric,University of Rochester,2013-11-17,25,,,,Load Interconnection,Monroe,NY,B,Station 251,,,,NYSEG,,0,
0580,Genesee County Economic Devel.,WNY STAMP,2016-09-27,300,DAT,data centre,datacentre,Load Interconnection,Genesee,NY,B,Kintigh/Niagara - New Rochester 345kV,Kintigh/Niagara,345,line_end,NYPA,,12,11-2026
0776,Greenidge Generation LLC,Greenidge Load,2018-10-22,60,DAT-CM,crypto mining,datacentre,Load Interconnection,Yates,NY,C,Greenidge 115kV,Greenidge,115,line_end,NYSEG,,7,04-2030
0850,"Cayuga Operating Company, LLC",Cayuga Load,2019-05-21,50,DAT-CM,crypto mining,datacentre,Load Interconnection,Cayuga,NY,C,Milliken 115kV,Milliken,115,line_end,NYSEG,,7,12-2026
0909,"PetaWatt Holdings, Inc.",Massena Load,2019-09-18,100,,,,Load Interconnection,St. Lawrence,NY,E,Dennison 115kV substation,Dennison,115,substation,NM-NG,,0,
0979,North Country Data Center,North Country Data Center,2020-01-22,435,DAT-CM,crypto mining,datacentre,Load Interconnection,St. Lawrence,NY,D,Reynolds 115kV,Reynolds,115,line_end,NYPA,,12,07-2026
1213,"ZeroC Data Centers, LLC",St Lawrence Data and Agricultural Center,2021-06-28,200,DAT-CM,crypto mining,datacentre,Load Interconnection,St. Lawrence,NY,D,Dennison 115kV substation,Dennison,115,substation,NM-NG,,10,01-2026
1315,"Sabey Data Center Properties, LLC",SDC St. Lawrence,2021-12-20,120,DAT,data centre,datacentre,Load Interconnection,St. Lawrence,NY,D,Moses-Reynolds MRG-1 and Moses-Reynolds MRG-2 at 115kV,Moses | Reynolds,115 | 115,line_end,NYPA,,6,08-2025
1484,GCEDC,580 STAMP load increase,2022-12-02,300,DAT,data centre,datacentre,Load Interconnection,Genesee,NY,B,115 kv STAMP substation,STAMP,115,substation,NM-NG,,12,11-2026
1521,Iroquois Gas Transmission System,IGTS Wright EMD Compressor,2023-02-14,14.3,,,,Load Interconnection,Schoharie,NY,F,Rotterdam - New Scotland #13 115kV line,Rotterdam,115,line_end,NM-NG,,0,
1522,Iroquois Gas Transmission System,GTS Dover EMD Compressor,2023-02-15,16.5,,,,Load Interconnection,Dutchess,NY,G,Pleasant Valley - Cricket Valley 345kV,Pleasant Valley | Cricket Valley,345 | 345,line_end,ConEd,,0,
1536,Micron New York Semiconductor Manufacturing LLC,White Pine Phase 1,2023-03-11,480,M-CH,chemical manufacturing,industrial,Load Interconnection,Onondaga,NY,C,Clay 345 kV Substation,Clay,345,substation,NM-NG,,12,05-2028
1627,Micron New York Semiconductor Manufacturing LLC,Micron Fab 2,2023-10-31,576,M-CH,chemical manufacturing,industrial,Load Interconnection,Onondaga,NY,C,National Grid Clay 345 kV Substation,Clay,345,substation,NM-NG,,9,02-2030
1633,Robert Delcalzo,Suffern Quarry Data Center,2023-11-13,200,,,,Load Interconnection,Rockland,NY,G,There is a 135kv line abutting our property. We will be building a substation. We currently connect to the Hillburn Area Station.,,,,O&R,,0,
1646,P&M Brick LLC,POWI Project,2023-11-30,50,M-IN,industrial,industrial,Load Interconnection,Albany,NY,F,New Scotland to Knickerbocker 345kV line,Knickerbocker,345,line_end,NM-NG,"NY Transco, LSPNY, CHGE",6,01-2027
1670,Lake Mariner Data LLC,Lake Mariner Data II,2024-01-23,250,DAT-AI,AI data centre,datacentre,Load Interconnection,Niagara,NY,A,Kintigh 345kV Substation,Kintigh,345,substation,NYSEG,,6,06-2025
1681,Niagara Falls Redevelopment LLC,Niagara Digital Campus,2024-04-09,140,DAT,data centre,datacentre,Load Interconnection,Niagara,NY,A,Adams to Packard 115kV lines 187 and 188,Adams | Packard,115 | 115,line_end,NM-NG,,9,12-2027
1682,"Equity Suffern Developers, LLC",Hudson Valley Data Center,2024-04-24,50,,,,Load Interconnection,Rockland,NY,G,Line 60 138kV - Ramapo to Tallman,Ramapo | Tallman,138 | 138,line_end,O&R,,0,
1683,"Cayuga Operating Company, LLC",Cayuga Compute,2024-04-24,88,DAT,data centre,datacentre,Load Interconnection,Tompkins,NY,C,Milliken substation 115kV,Milliken,115,substation,NYSEG,,6,10-2026
1713,Project Sycamore - Orangeburg,Project Sycamore Orangeburg,2024-06-19,22.3,DAT,data centre,datacentre,Load Interconnection,Rockland,NY,G,Oak Street 138kV,Oak Street,138,line_end,O&R,,10,01-2026
1714,Robert Delcalzo,Hudson Valley Data Center,2024-07-02,50,DAT,data centre,datacentre,Load Interconnection,Rockland,NY,G,Line 60 138KV - Ramp to Tallman,Tallman,138,line_end,O&R,,10,02-2027
1715,Jerry Martin,1547 CSR - Orangeburg LLC,2024-07-02,30,DAT,data centre,datacentre,Load Interconnection,Rockland,NJ,G,138kV Line 703 between Corporate Drive and Harings Corner,Harings Corner,138,line_end,O&R,,10,01-2027
1716,"DataBank Holdings, LLC",Orangeburg Expansion Phase 2,2024-08-05,30,,,,Load Interconnection,Orange,NY,G,Oak St 38kV substation,Oak St,38,substation,O&R,,0,
1717,Holtec Decommissioning International (HDI),"Proposed Datacenters at 450 Broadway, Buchanan, NY, 10511",2024-08-07,200,DAT,data centre,datacentre,Load Interconnection,Westchester,NY,H,Buchanan 138kV Substation,Buchanan,138,substation,ConEd,,6,09-2028
1719,"ZeroC Data Centers, LLC",New York State Artificial Intelligence Data Center,2024-09-18,300,,,,Load Interconnection,St. Lawrence,NY,D,Dennison 115kV substation,Dennison,115,substation,NM-NG,,0,
1721,WF Industrial XII LLC,Brookhaven Logistics Center,2024-10-28,176.6,DAT,data centre,datacentre,Load Interconnection,Suffolk,NY,K,138-872 Holbrook to Sills Rd,Holbrook | Sills Rd, | ,line_end,LIPA,,9,01-2027
1723,Olean Digital LLC,Olean Digital Data Center,2024-11-07,300,,,,Load Interconnection,Cattaraugus,NY,A,Homer Hill 115kV Substation,Homer Hill,115,substation,NM-NG,,0,
1724,Alcoa,Alcoa East Energy Allocation Project,2024-12-09,200,,,,Load Interconnection,St. Lawrence,NY,D,Haverstock - Willis 345kV lines HW1 & HW2,Haverstock | Willis,345 | 345,line_end,NYPA,,0,
1725,"Greenidge Generation, LLC",Greenidge 200 MW Data Center Project,2024-12-20,200,DAT,data centre,datacentre,Load Interconnection,Yates,NY,C,New York State Electric & Gas (NYSEG) - Greenidge 115 kV Substation,Greenidge,115,substation,NYSEG,National Grid,5,10-2029
1726,"Riverview Innovation & Technology Campus, Inc.",Data & Technology Campus,2025-01-31,300,DAT,data centre,datacentre,Load Interconnection,Erie,NY,A,Huntley - Packard 230kV line 78,Huntley | Packard,230 | 230,line_end,NM-NG,NYSEG,5,01-2027
1728,Arconic Corporation,Arsenal Data Site 250,2025-03-07,233,DAT-AI,AI data centre,datacentre,Load Interconnection,St Lawrence,NY,E,Haverstock to Adirondak 345kV line HA-1,Haverstock | Adirondak,345 | 345,line_end,NYPA,National Grid,5,03-2027
1729,Arconic Corporation,Arsenal Data Site 500,2025-03-07,233,DAT-AI,AI data centre,datacentre,Load Interconnection,St Lawrence,NY,E,Haverstock to Adirondak 345kV line HA-1,Haverstock | Adirondak,345 | 345,line_end,NYPA,National Grid,5,03-2027
1730,Arconic Corporation,Arsenal Data Site 1000,2025-03-07,467,DAT-AI,AI data centre,datacentre,Load Interconnection,St Lawrence,NY,E,Haverstock to Adirondak 345kV line HA-1,Haverstock | Adirondak,345 | 345,line_end,NYPA,National Grid,5,03-2027
1731,"ZeroC Data Centers, LLC",New York State Artificial Intelligence Data Center,2025-03-14,300,DAT-AI,AI data centre,datacentre,Load Interconnection,St. Lawrence,NY,E,Haverstock-Adirondack 345kV transmission line HA-2,Haverstock | Adirondack transmission,345 | 345,line_end,NYPA,National Grid,5,10-2026
1732,TeraWulf Brookings LLC,Wulf Compute Data Center II,2025-03-29,250,DAT-AI,AI data centre,datacentre,Load Interconnection,Niagara,NY,A,Kintigh 345kV sub-station,Kintigh,345,substation,NYSEG,"NYPA, NM-NG",5,06-2026
1733,"Cayuga Operating Company, LLC",Cayuga Data,2025-03-29,162,DAT-AI,AI data centre,datacentre,Load Interconnection,Tompkins,NY,C,Milliken 115kV Substation,Milliken,115,substation,NYSEG,National Grid,5,08-2026
1735,Turin Management LLC,Remington Factory Redevelopment,2025-05-02,100,DAT,data centre,datacentre,Load Interconnection,Herkimer,NY,E,Ilion Municipal 115kV substation,Ilion Municipal,115,substation,IMEU,"NYPA ,National Grid",5,07-2027
1736,Ranalli SuperDC LLC,Ranalli SuperDC,2025-05-07,270,DAT,data centre,datacentre,Load Interconnection,Onondaga,NY,C,Clay to Pannell ckts PC-1 and PC-2,Clay,,line_end,NYPA,"NM-NG, NYSEG/RGE",5,05-2028
1737,Griffiss Utility Services Corporation,Griffiss Park Triangle Development,2025-06-03,66,M-CG,co-generation / manufacturing,industrial,Load Interconnection,Oneida,NY,E,Gulf to Rome 115kV line,Rome,115,line_end,NM-NG,,5,12-2027
1738,Donovan Drive Holdings LLC,"1 Gig Data Center East Fishkill, NY",2025-07-17,1000,DAT,data centre,datacentre,Load Interconnection,Dutchess,NY,H,East Fishkill to Wood Street 345 kV lines (38 and 39),East Fishkill | Wood Street,345 | 345,line_end,CONED,"NYSEG, Central Hudson",5,10-2028
1739,Brookhaven Science Associates on behalf of US Department of Energy,Brookhaven National Laboratory Electron Ion Collider Project,2025-07-30,120,,,,Load Interconnection,Suffolk,NY,K,LIPA existing 69 kV / 13.8 kV substation (PSEG Fifth Ave substation),,,,LIPA,,0,
1740,Turin Management LLC,Incremental Load Request for Remington Factory Redevelopment,2025-08-29,400,DAT,data centre,datacentre,Load Interconnection,Herkimer,NY,E,Line 1: 345KV from EDIC to Fraser. Line 2: 345 KV from Marcy to Coopers Corners,,,,NYPA,"National Grid, NYSEG, Transco, IMEU",5,08-2028
1741,North East Data LLC,North East Data LLC Data Center,2025-08-29,500,DAT,data centre,datacentre,Load Interconnection,Niagara,NY,A,230kV lines 77 and 78,,,,NM-NG,,4,05-2027
1742,"St. Lawrence Infrastructure, LLC",St. Lawrence Infrastructure 1,2025-09-02,860,DAT-AI,AI data centre,datacentre,Load Interconnection,St. Lawrence,NY,E,"NYPA HA-2, 345kV Transmission Line",,,,NYPA,,4,12-2029
1743,"St. Lawrence Infrastructure, LLC",St. Lawrence Infrastructure 2,2025-09-02,1935,DAT-AI,AI data centre,datacentre,Load Interconnection,St. Lawrence,NY,D,NYPA's 230kV Moses Massena 1 (MMS-1) and 230kV Moses Massena 2 (MMS-2),Moses Massena,230,line_end,NYPA,,4,07-2030
1744,"Brookhaven Logistics Center, LLC",Brookhaven Data Center,2025-09-05,300,,,,Load Interconnection,Suffolk,NY,K,"LIPA 138kV line circuit, between Caithness Long Island Energy Center Substation and Brookhaven Substation. Coordinates: 40°49'05.8""N 72°55'45.4""W.",,,,LIPA,,0,
1745,American Data Center Partners LLC,Pontoon Bridge Road Data Center,2025-10-09,250,DAT,data centre,datacentre,Load Interconnection,St Lawrence,NY,E,Haverstock-Adirondack 345kV transmission lines,Haverstock | Adirondack transmission,345 | 345,line_end,NYPA,,4,12-2027
1746,Onondaga County Department of Water Environment Protection,OOWWTP Expansion Program,2025-10-15,50,O,other,other,Load Interconnection,Onondaga,NY,C,National Grid's 115kV lines: Clay-Teall LN#11 and Clay-Woodard LN#17,Teall LN | Clay | Woodard LN,115 | 115 | 115,listed,National Grid,NYPA,4,02-2029
1747,GLOBE DH LLC,Globe Digital Holdings - 1,2025-10-17,200,DAT-AI,AI data centre,datacentre,Load Interconnection,Niagara,NY,A,Beck Packard 76 230kV,Beck Packard,230,line_end,National Grid,,4,06-2027
1748,GLOBE DH LLC,GLOBE DH 2,2025-10-17,200,DAT-AI,AI data centre,datacentre,Load Interconnection,NIAGARA FALLS,NY,A,Beck Packard 76 230kV,Beck Packard,230,line_end,National Grid,,4,06-2027
1749,GLOBE DH LLC,Globe DH 3,2025-10-17,200,DAT-AI,AI data centre,datacentre,Load Interconnection,niagara falls,NY,A,Niagara Packard 77 230kV,Niagara Packard,230,line_end,National Grid,NYPA,4,10-2026
1750,Advance Albany County Alliance,Al Tech Steel Site,2025-10-21,60,RD,research and development,other,Load Interconnection,Albany,NY,F,Maplewood Menands 18,Maplewood Menands,,line_end,NM-NG,,4,06-2027
1751,North Country Data Center LLC,Massena Development LLC Power Allocation,2025-10-21,200,DAT,data centre,datacentre,Load Interconnection,St; Lawrence,NY,D,NYPA - HW1 and HW2 (345kV) Lines - at Haverstock Substation,,,,NYPA,,4,07-2027
1752,The Agency,Broome County Tech Park,2025-10-30,250,RD,research and development,other,Load Interconnection,Broome,NY,C,345 kV POI via a loop on the existing Oakdale-Fraser Line 32. The interconnection substation will have a ring bus configuration.,,,,NYSEG,"NGRID, NYPA",4,12-2029
1753,New York State Office of General Services,"New York State Dept. of Health Lab (Harriman Campus, Albany NY)",2025-11-04,20,RD,research and development,other,Load Interconnection,Albany,NY,F,"Woodlawn-State Campus #12 115kV feeder, and Menands-State Campus #15-115kV feeder.",Woodlawn | State Campus feeder | Menands | State Campus,115 | 115 | 115 | 115,listed,National Grid,,4,01-2030
1754,EKG Group LLC,Kenwood Tech Center,2025-11-11,180,DAT,data centre,datacentre,Load Interconnection,Albany,NY,F,Albany?Bethlehem 115 kV Line #18,Albany?Bethlehem,115,line_end,National Grid,,4,12-2028
1755,Research Foundation of SUNY,Site Master Plan Expansion Phase I,2025-12-18,45,RD,research and development,other,Load Interconnection,Albany,NY,F,Patroon Creek and McKnownville,Patroon Creek | McKnownville, | ,line_end,National Grid,,4,01-2029
1756,Research Foundation of SUNY,Site Master Plan Expansion Phase II,2025-12-18,90,,,,Load Interconnection,Albany,NY,F,Patroon Creek and McKnownville,Patroon Creek | McKnownville, | ,line_end,National Grid,,0,
1757,NY-Route 9W LLC,NY-Route 9W Load Center,2026-01-07,1000,,,,Load Interconnection,Greene,NY,F,Leeds 345kV substation,Leeds,345,substation,National Grid,,0,
1758,GE Vernova,GE Vernova 2690 Balltown Road High Yard Upgrade,2026-01-29,20,RD,research and development,other,Load Interconnection,Schenectady,NY,F,Rosa Road - General Electric R&D National Grid #14,Rosa Road | General Electric R&D National Grid, | ,line_end,National Grid,,4,06-2028
1759,Robert Grant,Saratoga Expansion,2026-03-25,40,M-CG,co-generation / manufacturing,industrial,Load Interconnection,Saratoga,NY,F,"Adjacent to existing 34.5kV service, a new 115kV substation will be built.",,,,National Grid,,4,01-2028
1760,iPark East Fishkill LLC,iPark 84 Data Center Interconnection,2026-03-25,150,DAT,data centre,datacentre,Load Interconnection,Dutchess,NY,G,New 115kV line from CHG&E East Fishkill Substation,,,,Central Hudson,,5,10-2028
1761,URI TALY,NYISO Load Interconnection Process - Data Center Inquiry,2026-04-12,150,DAT,data centre,datacentre,Load Interconnection,Horseheads,NY,C,Broad Street 34.5 kV Line 93,Broad Street 34.5 kV,,line_end,NYSEG,,1,01-2027
1762,"Highwall Energy, LLC",Highwall Data Center,2026-05-12,400,DAT,data centre,datacentre,Load Interconnection,Clearfield,PA,C,"same POI of Q#1080 (Mineral Basin Solar), connects to NYSEG's L47 line",,,,NYSEG,,4,03-2029
1763,"Patriot Forge PA, LLC",Patriot Forge,2026-05-29,350,DAT,data centre,datacentre,Load Interconnection,Tioga,PA,C,Tap on the NYSEG 345 kV Line 47 (Homer City -Mainesburg 345 kV),,,,NYSEG,,4,02-2029
1764,Titan Mining Corporation,Kilbourne Graphite Concentrator Plant,2026-07-16,15,,,,Load Interconnection,ST LAWRENCE,NY,E,ZINCO 115,ZINCO,,line_end,National Grid,,1,03-2027
NOTES:,,,,,,,,,,,,,,,,,,,
