zone,area,area_name,is_virginia_edc,year,mw
AE,AE,AE,,2027,0.0
AE,AE,AE,,2028,0.0
AE,AE,AE,,2029,0.0
AE,AE,AE,,2030,0.0
AE,AE,AE,,2031,0.0
AE,AE,AE,,2032,0.0
AE,AE,AE,,2033,0.0
AE,AE,AE,,2034,0.0
AE,AE,AE,,2035,0.0
AE,AE,AE,,2036,0.0
AE,AE,AE,,2037,0.0
AE,AE,AE,,2038,0.0
AE,AE,AE,,2039,0.0
AE,AE,AE,,2040,0.0
AE,AE,AE,,2041,0.0
AE,AE,AE,,2042,0.0
AE,AE,AE,,2043,0.0
AE,AE,AE,,2044,0.0
AE,AE,AE,,2045,0.0
AE,AE,AE,,2046,0.0
BGE,BGE,BGE,,2026,18.0
BGE,BGE,BGE,,2027,25.0
BGE,BGE,BGE,,2028,43.0
BGE,BGE,BGE,,2029,110.0
BGE,BGE,BGE,,2030,176.0
BGE,BGE,BGE,,2031,243.0
BGE,BGE,BGE,,2032,307.0
BGE,BGE,BGE,,2033,355.0
BGE,BGE,BGE,,2034,355.0
BGE,BGE,BGE,,2035,355.0
BGE,BGE,BGE,,2036,355.0
BGE,BGE,BGE,,2037,354.0
BGE,BGE,BGE,,2038,354.0
BGE,BGE,BGE,,2039,354.0
BGE,BGE,BGE,,2040,354.0
BGE,BGE,BGE,,2041,354.0
BGE,BGE,BGE,,2042,354.0
BGE,BGE,BGE,,2043,354.0
BGE,BGE,BGE,,2044,354.0
BGE,BGE,BGE,,2045,354.0
BGE,BGE,BGE,,2046,355.0
DPL,DPL,DPL,,2027,0.0
DPL,DPL,DPL,,2028,0.0
DPL,DPL,DPL,,2029,0.0
DPL,DPL,DPL,,2030,0.0
DPL,DPL,DPL,,2031,0.0
DPL,DPL,DPL,,2032,0.0
DPL,DPL,DPL,,2033,0.0
DPL,DPL,DPL,,2034,0.0
DPL,DPL,DPL,,2035,0.0
DPL,DPL,DPL,,2036,0.0
DPL,DPL,DPL,,2037,0.0
DPL,DPL,DPL,,2038,0.0
DPL,DPL,DPL,,2039,0.0
DPL,DPL,DPL,,2040,0.0
DPL,DPL,DPL,,2041,0.0
DPL,DPL,DPL,,2042,0.0
DPL,DPL,DPL,,2043,0.0
DPL,DPL,DPL,,2044,0.0
DPL,DPL,DPL,,2045,0.0
DPL,DPL,DPL,,2046,0.0
JCPL,JCPL,JCPL,,2027,0.0
JCPL,JCPL,JCPL,,2028,0.0
JCPL,JCPL,JCPL,,2029,1.0
JCPL,JCPL,JCPL,,2030,77.0
JCPL,JCPL,JCPL,,2031,80.0
JCPL,JCPL,JCPL,,2032,112.0
JCPL,JCPL,JCPL,,2033,193.0
JCPL,JCPL,JCPL,,2034,245.0
JCPL,JCPL,JCPL,,2035,245.0
JCPL,JCPL,JCPL,,2036,245.0
JCPL,JCPL,JCPL,,2037,245.0
JCPL,JCPL,JCPL,,2038,245.0
JCPL,JCPL,JCPL,,2039,245.0
JCPL,JCPL,JCPL,,2040,245.0
JCPL,JCPL,JCPL,,2041,245.0
JCPL,JCPL,JCPL,,2042,245.0
JCPL,JCPL,JCPL,,2043,245.0
JCPL,JCPL,JCPL,,2044,245.0
JCPL,JCPL,JCPL,,2045,245.0
JCPL,JCPL,JCPL,,2046,245.0
METED,METED,METED,,2027,0.0
METED,METED,METED,,2028,0.0
METED,METED,METED,,2029,10.0
METED,METED,METED,,2030,75.0
METED,METED,METED,,2031,75.0
METED,METED,METED,,2032,126.0
METED,METED,METED,,2033,187.0
METED,METED,METED,,2034,234.0
METED,METED,METED,,2035,234.0
METED,METED,METED,,2036,233.0
METED,METED,METED,,2037,233.0
METED,METED,METED,,2038,233.0
METED,METED,METED,,2039,233.0
METED,METED,METED,,2040,234.0
METED,METED,METED,,2041,233.0
METED,METED,METED,,2042,233.0
METED,METED,METED,,2043,234.0
METED,METED,METED,,2044,234.0
METED,METED,METED,,2045,234.0
METED,METED,METED,,2046,234.0
PECO,PECO,PECO,,2026,17.0
PECO,PECO,PECO,,2027,88.0
PECO,PECO,PECO,,2028,281.0
PECO,PECO,PECO,,2029,517.0
PECO,PECO,PECO,,2030,824.0
PECO,PECO,PECO,,2031,1146.0
PECO,PECO,PECO,,2032,1414.0
PECO,PECO,PECO,,2033,1560.0
PECO,PECO,PECO,,2034,1664.0
PECO,PECO,PECO,,2035,1698.0
PECO,PECO,PECO,,2036,1697.0
PECO,PECO,PECO,,2037,1698.0
PECO,PECO,PECO,,2038,1698.0
PECO,PECO,PECO,,2039,1698.0
PECO,PECO,PECO,,2040,1698.0
PECO,PECO,PECO,,2041,1698.0
PECO,PECO,PECO,,2042,1699.0
PECO,PECO,PECO,,2043,1699.0
PECO,PECO,PECO,,2044,1700.0
PECO,PECO,PECO,,2045,1701.0
PECO,PECO,PECO,,2046,1702.0
PENLC,PENLC,PENLC,,2027,0.0
PENLC,PENLC,PENLC,,2028,0.0
PENLC,PENLC,PENLC,,2029,0.0
PENLC,PENLC,PENLC,,2030,0.0
PENLC,PENLC,PENLC,,2031,0.0
PENLC,PENLC,PENLC,,2032,0.0
PENLC,PENLC,PENLC,,2033,0.0
PENLC,PENLC,PENLC,,2034,0.0
PENLC,PENLC,PENLC,,2035,0.0
PENLC,PENLC,PENLC,,2036,0.0
PENLC,PENLC,PENLC,,2037,0.0
PENLC,PENLC,PENLC,,2038,0.0
PENLC,PENLC,PENLC,,2039,0.0
PENLC,PENLC,PENLC,,2040,0.0
PENLC,PENLC,PENLC,,2041,0.0
PENLC,PENLC,PENLC,,2042,0.0
PENLC,PENLC,PENLC,,2043,0.0
PENLC,PENLC,PENLC,,2044,0.0
PENLC,PENLC,PENLC,,2045,0.0
PENLC,PENLC,PENLC,,2046,0.0
PEPCO,PEPCO,Pepco,,2026,0.0
PEPCO,PEPCO,Pepco,,2027,0.0
PEPCO,PEPCO,Pepco,,2028,0.0
PEPCO,PEPCO,Pepco,,2029,0.0
PEPCO,PEPCO,Pepco,,2030,0.0
PEPCO,PEPCO,Pepco,,2031,24.8
PEPCO,PEPCO,Pepco,,2032,172.3
PEPCO,PEPCO,Pepco,,2033,317.7
PEPCO,PEPCO,Pepco,,2034,463.6
PEPCO,PEPCO,Pepco,,2035,610.3
PEPCO,PEPCO,Pepco,,2036,729.6
PEPCO,PEPCO,Pepco,,2037,729.6
PEPCO,PEPCO,Pepco,,2038,729.6
PEPCO,PEPCO,Pepco,,2039,729.6
PEPCO,PEPCO,Pepco,,2040,729.6
PEPCO,PEPCO,Pepco,,2041,729.6
PEPCO,PEPCO,Pepco,,2042,729.6
PEPCO,PEPCO,Pepco,,2043,729.6
PEPCO,PEPCO,Pepco,,2044,729.6
PEPCO,PEPCO,Pepco,,2045,729.6
PEPCO,PEPCO,Pepco,,2046,729.6
PEPCO,SMECO,SMECO (co-op),,2026,0.0
PEPCO,SMECO,SMECO (co-op),,2027,0.0
PEPCO,SMECO,SMECO (co-op),,2028,0.0
PEPCO,SMECO,SMECO (co-op),,2029,0.0
PEPCO,SMECO,SMECO (co-op),,2030,142.0
PEPCO,SMECO,SMECO (co-op),,2031,204.2
PEPCO,SMECO,SMECO (co-op),,2032,264.7
PEPCO,SMECO,SMECO (co-op),,2033,324.3
PEPCO,SMECO,SMECO (co-op),,2034,335.4
PEPCO,SMECO,SMECO (co-op),,2035,335.7
PEPCO,SMECO,SMECO (co-op),,2036,334.4
PEPCO,SMECO,SMECO (co-op),,2037,334.4
PEPCO,SMECO,SMECO (co-op),,2038,334.4
PEPCO,SMECO,SMECO (co-op),,2039,334.4
PEPCO,SMECO,SMECO (co-op),,2040,334.4
PEPCO,SMECO,SMECO (co-op),,2041,334.4
PEPCO,SMECO,SMECO (co-op),,2042,334.4
PEPCO,SMECO,SMECO (co-op),,2043,334.4
PEPCO,SMECO,SMECO (co-op),,2044,334.4
PEPCO,SMECO,SMECO (co-op),,2045,334.4
PEPCO,SMECO,SMECO (co-op),,2046,334.4
PL,PPL,PPL,,2026,189.0
PL,PPL,PPL,,2027,394.0
PL,PPL,PPL,,2028,1274.0
PL,PPL,PPL,,2029,1876.0
PL,PPL,PPL,,2030,4996.0
PL,PPL,PPL,,2031,5906.0
PL,PPL,PPL,,2032,6241.0
PL,PPL,PPL,,2033,6285.0
PL,PPL,PPL,,2034,6284.0
PL,PPL,PPL,,2035,6282.0
PL,PPL,PPL,,2036,6279.0
PL,PPL,PPL,,2037,6278.0
PL,PPL,PPL,,2038,6279.0
PL,PPL,PPL,,2039,6280.0
PL,PPL,PPL,,2040,6281.0
PL,PPL,PPL,,2041,6279.0
PL,PPL,PPL,,2042,6279.0
PL,PPL,PPL,,2043,6278.0
PL,PPL,PPL,,2044,6281.0
PL,PPL,PPL,,2045,6283.0
PL,PPL,PPL,,2046,6284.0
PS,PSEG,PSEG,,2026,308.0
PS,PSEG,PSEG,,2027,383.0
PS,PSEG,PSEG,,2028,628.0
PS,PSEG,PSEG,,2029,938.0
PS,PSEG,PSEG,,2030,1446.0
PS,PSEG,PSEG,,2031,1933.0
PS,PSEG,PSEG,,2032,2322.0
PS,PSEG,PSEG,,2033,2568.0
PS,PSEG,PSEG,,2034,2590.0
PS,PSEG,PSEG,,2035,2602.0
PS,PSEG,PSEG,,2036,2608.0
PS,PSEG,PSEG,,2037,2626.0
PS,PSEG,PSEG,,2038,2634.0
PS,PSEG,PSEG,,2039,2641.0
PS,PSEG,PSEG,,2040,2677.0
PS,PSEG,PSEG,,2041,2680.0
PS,PSEG,PSEG,,2042,2683.0
PS,PSEG,PSEG,,2043,2685.0
PS,PSEG,PSEG,,2044,2686.0
PS,PSEG,PSEG,,2045,2709.0
PS,PSEG,PSEG,,2046,2710.0
RECO,RECO,RECO,,2027,0.0
RECO,RECO,RECO,,2028,0.0
RECO,RECO,RECO,,2029,0.0
RECO,RECO,RECO,,2030,0.0
RECO,RECO,RECO,,2031,0.0
RECO,RECO,RECO,,2032,0.0
RECO,RECO,RECO,,2033,0.0
RECO,RECO,RECO,,2034,0.0
RECO,RECO,RECO,,2035,0.0
RECO,RECO,RECO,,2036,0.0
RECO,RECO,RECO,,2037,0.0
RECO,RECO,RECO,,2038,0.0
RECO,RECO,RECO,,2039,0.0
RECO,RECO,RECO,,2040,0.0
RECO,RECO,RECO,,2041,0.0
RECO,RECO,RECO,,2042,0.0
RECO,RECO,RECO,,2043,0.0
RECO,RECO,RECO,,2044,0.0
RECO,RECO,RECO,,2045,0.0
RECO,RECO,RECO,,2046,0.0
UGI,UGI,UGI,,2027,0.0
UGI,UGI,UGI,,2028,0.0
UGI,UGI,UGI,,2029,0.0
UGI,UGI,UGI,,2030,0.0
UGI,UGI,UGI,,2031,0.0
UGI,UGI,UGI,,2032,0.0
UGI,UGI,UGI,,2033,0.0
UGI,UGI,UGI,,2034,0.0
UGI,UGI,UGI,,2035,0.0
UGI,UGI,UGI,,2036,0.0
UGI,UGI,UGI,,2037,0.0
UGI,UGI,UGI,,2038,0.0
UGI,UGI,UGI,,2039,0.0
UGI,UGI,UGI,,2040,0.0
UGI,UGI,UGI,,2041,0.0
UGI,UGI,UGI,,2042,0.0
UGI,UGI,UGI,,2043,0.0
UGI,UGI,UGI,,2044,0.0
UGI,UGI,UGI,,2045,0.0
UGI,UGI,UGI,,2046,0.0
AEP,IM,IM,,2026,955.2
AEP,IM,IM,,2027,1402.5
AEP,IM,IM,,2028,1733.0
AEP,IM,IM,,2029,1984.9
AEP,IM,IM,,2030,2534.2
AEP,IM,IM,,2031,2592.6
AEP,IM,IM,,2032,2592.6
AEP,IM,IM,,2033,2592.6
AEP,IM,IM,,2034,2592.6
AEP,IM,IM,,2035,2592.6
AEP,IM,IM,,2036,2592.6
AEP,IM,IM,,2037,2592.6
AEP,IM,IM,,2038,2592.6
AEP,IM,IM,,2039,2592.6
AEP,IM,IM,,2040,2592.6
AEP,IM,IM,,2041,2592.6
AEP,IM,IM,,2042,2592.6
AEP,IM,IM,,2043,2592.6
AEP,IM,IM,,2044,2592.6
AEP,IM,IM,,2045,2592.6
AEP,IM,IM,,2046,2592.6
AEP,AEPOHIO,AEPOHIO,,2026,1743.8
AEP,AEPOHIO,AEPOHIO,,2027,2788.5
AEP,AEPOHIO,AEPOHIO,,2028,3763.0
AEP,AEPOHIO,AEPOHIO,,2029,5066.1
AEP,AEPOHIO,AEPOHIO,,2030,6130.8
AEP,AEPOHIO,AEPOHIO,,2031,7438.4
AEP,AEPOHIO,AEPOHIO,,2032,8800.4
AEP,AEPOHIO,AEPOHIO,,2033,10430.4
AEP,AEPOHIO,AEPOHIO,,2034,12056.4
AEP,AEPOHIO,AEPOHIO,,2035,13683.4
AEP,AEPOHIO,AEPOHIO,,2036,15301.4
AEP,AEPOHIO,AEPOHIO,,2037,17303.4
AEP,AEPOHIO,AEPOHIO,,2038,18136.4
AEP,AEPOHIO,AEPOHIO,,2039,18134.4
AEP,AEPOHIO,AEPOHIO,,2040,18132.4
AEP,AEPOHIO,AEPOHIO,,2041,18129.4
AEP,AEPOHIO,AEPOHIO,,2042,18131.4
AEP,AEPOHIO,AEPOHIO,,2043,18130.4
AEP,AEPOHIO,AEPOHIO,,2044,18131.4
AEP,AEPOHIO,AEPOHIO,,2045,18132.4
AEP,AEPOHIO,AEPOHIO,,2046,18133.4
APS,PE,PE,,2026,165.0
APS,PE,PE,,2027,276.0
APS,PE,PE,,2028,319.0
APS,PE,PE,,2029,590.0
APS,PE,PE,,2030,1025.9
APS,PE,PE,,2031,1297.4
APS,PE,PE,,2032,1462.0
APS,PE,PE,,2033,1670.2
APS,PE,PE,,2034,2039.8
APS,PE,PE,,2035,2038.6
APS,PE,PE,,2036,2036.6
APS,PE,PE,,2037,2037.6
APS,PE,PE,,2038,2036.6
APS,PE,PE,,2039,2036.6
APS,PE,PE,,2040,2036.6
APS,PE,PE,,2041,2187.6
APS,PE,PE,,2042,2187.6
APS,PE,PE,,2043,2187.6
APS,PE,PE,,2044,2188.6
APS,PE,PE,,2045,2188.6
APS,PE,PE,,2046,2188.6
APS,WPP,WPP,,2026,0.0
APS,WPP,WPP,,2027,0.0
APS,WPP,WPP,,2028,0.0
APS,WPP,WPP,,2029,0.0
APS,WPP,WPP,,2030,150.8
APS,WPP,WPP,,2031,219.1
APS,WPP,WPP,,2032,367.1
APS,WPP,WPP,,2033,385.7
APS,WPP,WPP,,2034,385.7
APS,WPP,WPP,,2035,385.7
APS,WPP,WPP,,2036,385.7
APS,WPP,WPP,,2037,385.7
APS,WPP,WPP,,2038,385.7
APS,WPP,WPP,,2039,385.7
APS,WPP,WPP,,2040,385.7
APS,WPP,WPP,,2041,385.7
APS,WPP,WPP,,2042,385.7
APS,WPP,WPP,,2043,385.7
APS,WPP,WPP,,2044,385.7
APS,WPP,WPP,,2045,385.7
APS,WPP,WPP,,2046,385.7
APS,REC,REC (co-op),,2026,0.0
APS,REC,REC (co-op),,2027,0.0
APS,REC,REC (co-op),,2028,0.0
APS,REC,REC (co-op),,2029,0.0
APS,REC,REC (co-op),,2030,36.3
APS,REC,REC (co-op),,2031,40.5
APS,REC,REC (co-op),,2032,99.9
APS,REC,REC (co-op),,2033,141.1
APS,REC,REC (co-op),,2034,184.5
APS,REC,REC (co-op),,2035,201.7
APS,REC,REC (co-op),,2036,201.7
APS,REC,REC (co-op),,2037,201.7
APS,REC,REC (co-op),,2038,201.7
APS,REC,REC (co-op),,2039,201.7
APS,REC,REC (co-op),,2040,201.7
APS,REC,REC (co-op),,2041,201.7
APS,REC,REC (co-op),,2042,201.7
APS,REC,REC (co-op),,2043,201.7
APS,REC,REC (co-op),,2044,201.7
APS,REC,REC (co-op),,2045,201.7
APS,REC,REC (co-op),,2046,201.7
ATSI,PP,PP,,2026,0.0
ATSI,PP,PP,,2027,6.3
ATSI,PP,PP,,2028,17.8
ATSI,PP,PP,,2029,18.3
ATSI,PP,PP,,2030,30.9
ATSI,PP,PP,,2031,45.1
ATSI,PP,PP,,2032,55.2
ATSI,PP,PP,,2033,55.2
ATSI,PP,PP,,2034,55.2
ATSI,PP,PP,,2035,55.2
ATSI,PP,PP,,2036,55.2
ATSI,PP,PP,,2037,55.2
ATSI,PP,PP,,2038,55.2
ATSI,PP,PP,,2039,55.2
ATSI,PP,PP,,2040,55.2
ATSI,PP,PP,,2041,55.2
ATSI,PP,PP,,2042,55.2
ATSI,PP,PP,,2043,55.2
ATSI,PP,PP,,2044,55.2
ATSI,PP,PP,,2045,55.2
ATSI,PP,PP,,2046,55.2
ATSI,OHIO,OHIO,,2026,132.0
ATSI,OHIO,OHIO,,2027,158.7
ATSI,OHIO,OHIO,,2028,281.2
ATSI,OHIO,OHIO,,2029,412.7
ATSI,OHIO,OHIO,,2030,1098.1
ATSI,OHIO,OHIO,,2031,1256.9
ATSI,OHIO,OHIO,,2032,1482.8
ATSI,OHIO,OHIO,,2033,1767.8
ATSI,OHIO,OHIO,,2034,1964.8
ATSI,OHIO,OHIO,,2035,2113.8
ATSI,OHIO,OHIO,,2036,2155.8
ATSI,OHIO,OHIO,,2037,2154.8
ATSI,OHIO,OHIO,,2038,2154.8
ATSI,OHIO,OHIO,,2039,2153.8
ATSI,OHIO,OHIO,,2040,2154.8
ATSI,OHIO,OHIO,,2041,2153.8
ATSI,OHIO,OHIO,,2042,2153.8
ATSI,OHIO,OHIO,,2043,2153.8
ATSI,OHIO,OHIO,,2044,2153.8
ATSI,OHIO,OHIO,,2045,2154.8
ATSI,OHIO,OHIO,,2046,2155.8
COMED,COMED,COMED,,2026,885.0
COMED,COMED,COMED,,2027,1275.0
COMED,COMED,COMED,,2028,2058.0
COMED,COMED,COMED,,2029,3504.0
COMED,COMED,COMED,,2030,5176.0
COMED,COMED,COMED,,2031,6850.0
COMED,COMED,COMED,,2032,8496.0
COMED,COMED,COMED,,2033,9892.0
COMED,COMED,COMED,,2034,10537.0
COMED,COMED,COMED,,2035,10789.0
COMED,COMED,COMED,,2036,10846.0
COMED,COMED,COMED,,2037,10854.0
COMED,COMED,COMED,,2038,10860.0
COMED,COMED,COMED,,2039,10866.0
COMED,COMED,COMED,,2040,10866.0
COMED,COMED,COMED,,2041,10865.0
COMED,COMED,COMED,,2042,10866.0
COMED,COMED,COMED,,2043,10865.0
COMED,COMED,COMED,,2044,10868.0
COMED,COMED,COMED,,2045,10870.0
COMED,COMED,COMED,,2046,10870.0
DAYTON,DAY,DAY,,2026,0.0
DAYTON,DAY,DAY,,2027,144.0
DAYTON,DAY,DAY,,2028,277.0
DAYTON,DAY,DAY,,2029,411.0
DAYTON,DAY,DAY,,2030,954.0
DAYTON,DAY,DAY,,2031,1392.0
DAYTON,DAY,DAY,,2032,1821.0
DAYTON,DAY,DAY,,2033,2144.0
DAYTON,DAY,DAY,,2034,2242.0
DAYTON,DAY,DAY,,2035,2242.0
DAYTON,DAY,DAY,,2036,2241.0
DAYTON,DAY,DAY,,2037,2241.0
DAYTON,DAY,DAY,,2038,2241.0
DAYTON,DAY,DAY,,2039,2241.0
DAYTON,DAY,DAY,,2040,2241.0
DAYTON,DAY,DAY,,2041,2241.0
DAYTON,DAY,DAY,,2042,2241.0
DAYTON,DAY,DAY,,2043,2241.0
DAYTON,DAY,DAY,,2044,2242.0
DAYTON,DAY,DAY,,2045,2243.0
DAYTON,DAY,DAY,,2046,2244.0
DEOK,DEOK,DEOK,,2026,0.0
DEOK,DEOK,DEOK,,2027,0.0
DEOK,DEOK,DEOK,,2028,0.0
DEOK,DEOK,DEOK,,2029,0.0
DEOK,DEOK,DEOK,,2030,0.0
DEOK,DEOK,DEOK,,2031,0.0
DEOK,DEOK,DEOK,,2032,0.0
DEOK,DEOK,DEOK,,2033,0.0
DEOK,DEOK,DEOK,,2034,0.0
DEOK,DEOK,DEOK,,2035,0.0
DEOK,DEOK,DEOK,,2036,0.0
DEOK,DEOK,DEOK,,2037,0.0
DEOK,DEOK,DEOK,,2038,0.0
DEOK,DEOK,DEOK,,2039,0.0
DEOK,DEOK,DEOK,,2040,0.0
DEOK,DEOK,DEOK,,2041,0.0
DEOK,DEOK,DEOK,,2042,0.0
DEOK,DEOK,DEOK,,2043,0.0
DEOK,DEOK,DEOK,,2044,0.0
DEOK,DEOK,DEOK,,2045,0.0
DEOK,DEOK,DEOK,,2046,0.0
DLCO,DLCO,DLCO,,2027,0.0
DLCO,DLCO,DLCO,,2028,0.0
DLCO,DLCO,DLCO,,2029,0.0
DLCO,DLCO,DLCO,,2030,46.0
DLCO,DLCO,DLCO,,2031,75.0
DLCO,DLCO,DLCO,,2032,87.0
DLCO,DLCO,DLCO,,2033,87.0
DLCO,DLCO,DLCO,,2034,87.0
DLCO,DLCO,DLCO,,2035,87.0
DLCO,DLCO,DLCO,,2036,87.0
DLCO,DLCO,DLCO,,2037,87.0
DLCO,DLCO,DLCO,,2038,87.0
DLCO,DLCO,DLCO,,2039,87.0
DLCO,DLCO,DLCO,,2040,87.0
DLCO,DLCO,DLCO,,2041,87.0
DLCO,DLCO,DLCO,,2042,87.0
DLCO,DLCO,DLCO,,2043,87.0
DLCO,DLCO,DLCO,,2044,87.0
DLCO,DLCO,DLCO,,2045,87.0
DLCO,DLCO,DLCO,,2046,87.0
EKPC,EKPC,EKPC,,2027,0.0
EKPC,EKPC,EKPC,,2028,0.0
EKPC,EKPC,EKPC,,2029,0.0
EKPC,EKPC,EKPC,,2030,0.0
EKPC,EKPC,EKPC,,2031,0.0
EKPC,EKPC,EKPC,,2032,0.0
EKPC,EKPC,EKPC,,2033,0.0
EKPC,EKPC,EKPC,,2034,0.0
EKPC,EKPC,EKPC,,2035,0.0
EKPC,EKPC,EKPC,,2036,0.0
EKPC,EKPC,EKPC,,2037,0.0
EKPC,EKPC,EKPC,,2038,0.0
EKPC,EKPC,EKPC,,2039,0.0
EKPC,EKPC,EKPC,,2040,0.0
EKPC,EKPC,EKPC,,2041,0.0
EKPC,EKPC,EKPC,,2042,0.0
EKPC,EKPC,EKPC,,2043,0.0
EKPC,EKPC,EKPC,,2044,0.0
EKPC,EKPC,EKPC,,2045,0.0
EKPC,EKPC,EKPC,,2046,0.0
OVEC,OVEC,OVEC,,2027,0.0
OVEC,OVEC,OVEC,,2028,0.0
OVEC,OVEC,OVEC,,2029,0.0
OVEC,OVEC,OVEC,,2030,0.0
OVEC,OVEC,OVEC,,2031,0.0
OVEC,OVEC,OVEC,,2032,0.0
OVEC,OVEC,OVEC,,2033,0.0
OVEC,OVEC,OVEC,,2034,0.0
OVEC,OVEC,OVEC,,2035,0.0
OVEC,OVEC,OVEC,,2036,0.0
OVEC,OVEC,OVEC,,2037,0.0
OVEC,OVEC,OVEC,,2038,0.0
OVEC,OVEC,OVEC,,2039,0.0
OVEC,OVEC,OVEC,,2040,0.0
OVEC,OVEC,OVEC,,2041,0.0
OVEC,OVEC,OVEC,,2042,0.0
OVEC,OVEC,OVEC,,2043,0.0
OVEC,OVEC,OVEC,,2044,0.0
OVEC,OVEC,OVEC,,2045,0.0
OVEC,OVEC,OVEC,,2046,0.0
DOM,DOM,Dominion (DEV),yes,2026,4386.2
DOM,DOM,Dominion (DEV),yes,2027,4869.2
DOM,DOM,Dominion (DEV),yes,2028,5368.8
DOM,DOM,Dominion (DEV),yes,2029,5882.2
DOM,DOM,Dominion (DEV),yes,2030,6412.6
DOM,DOM,Dominion (DEV),yes,2031,6965.2
DOM,DOM,Dominion (DEV),yes,2032,7528.7
DOM,DOM,Dominion (DEV),yes,2033,8104.7
DOM,DOM,Dominion (DEV),yes,2034,8689.6
DOM,DOM,Dominion (DEV),yes,2035,9292.2
DOM,DOM,Dominion (DEV),yes,2036,9903.2
DOM,DOM,Dominion (DEV),yes,2037,10525.9
DOM,DOM,Dominion (DEV),yes,2038,11153.4
DOM,DOM,Dominion (DEV),yes,2039,11783.0
DOM,DOM,Dominion (DEV),yes,2040,12418.0
DOM,DOM,Dominion (DEV),yes,2041,13058.3
DOM,DOM,Dominion (DEV),yes,2042,13714.3
DOM,DOM,Dominion (DEV),yes,2043,14376.2
DOM,DOM,Dominion (DEV),yes,2044,15044.1
DOM,DOM,Dominion (DEV),yes,2045,15706.8
DOM,DOM,Dominion (DEV),yes,2046,16380.0
DOM,NVEC,NOVEC (co-op),yes,2026,1995.4
DOM,NVEC,NOVEC (co-op),yes,2027,2987.5
DOM,NVEC,NOVEC (co-op),yes,2028,3717.8
DOM,NVEC,NOVEC (co-op),yes,2029,4269.3
DOM,NVEC,NOVEC (co-op),yes,2030,4887.5
DOM,NVEC,NOVEC (co-op),yes,2031,5681.5
DOM,NVEC,NOVEC (co-op),yes,2032,6552.8
DOM,NVEC,NOVEC (co-op),yes,2033,7291.1
DOM,NVEC,NOVEC (co-op),yes,2034,7998.7
DOM,NVEC,NOVEC (co-op),yes,2035,8729.1
DOM,NVEC,NOVEC (co-op),yes,2036,9467.7
DOM,NVEC,NOVEC (co-op),yes,2037,10625.0
DOM,NVEC,NOVEC (co-op),yes,2038,11711.8
DOM,NVEC,NOVEC (co-op),yes,2039,12514.2
DOM,NVEC,NOVEC (co-op),yes,2040,12880.0
DOM,NVEC,NOVEC (co-op),yes,2041,13017.5
DOM,NVEC,NOVEC (co-op),yes,2042,13077.5
DOM,NVEC,NOVEC (co-op),yes,2043,13102.9
DOM,NVEC,NOVEC (co-op),yes,2044,13114.0
DOM,NVEC,NOVEC (co-op),yes,2045,13113.3
DOM,NVEC,NOVEC (co-op),yes,2046,13116.1
DOM,ODEC,ODEC (co-op G&T),yes,2026,384.9
DOM,ODEC,ODEC (co-op G&T),yes,2027,488.5
DOM,ODEC,ODEC (co-op G&T),yes,2028,555.1
DOM,ODEC,ODEC (co-op G&T),yes,2029,617.1
DOM,ODEC,ODEC (co-op G&T),yes,2030,682.6
DOM,ODEC,ODEC (co-op G&T),yes,2031,803.9
DOM,ODEC,ODEC (co-op G&T),yes,2032,948.8
DOM,ODEC,ODEC (co-op G&T),yes,2033,1051.4
DOM,ODEC,ODEC (co-op G&T),yes,2034,1075.5
DOM,ODEC,ODEC (co-op G&T),yes,2035,1075.5
DOM,ODEC,ODEC (co-op G&T),yes,2036,1075.5
DOM,ODEC,ODEC (co-op G&T),yes,2037,1075.5
DOM,ODEC,ODEC (co-op G&T),yes,2038,1075.5
DOM,ODEC,ODEC (co-op G&T),yes,2039,1075.5
DOM,ODEC,ODEC (co-op G&T),yes,2040,1075.5
DOM,ODEC,ODEC (co-op G&T),yes,2041,1075.5
DOM,ODEC,ODEC (co-op G&T),yes,2042,1075.5
DOM,ODEC,ODEC (co-op G&T),yes,2043,1075.5
DOM,ODEC,ODEC (co-op G&T),yes,2044,1075.5
DOM,ODEC,ODEC (co-op G&T),yes,2045,1075.5
DOM,ODEC,ODEC (co-op G&T),yes,2046,1075.5
DOM,REC,REC (co-op),yes,2026,299.5
DOM,REC,REC (co-op),yes,2027,579.8
DOM,REC,REC (co-op),yes,2028,973.3
DOM,REC,REC (co-op),yes,2029,1163.4
DOM,REC,REC (co-op),yes,2030,1913.3
DOM,REC,REC (co-op),yes,2031,2378.4
DOM,REC,REC (co-op),yes,2032,2704.7
DOM,REC,REC (co-op),yes,2033,2863.8
DOM,REC,REC (co-op),yes,2034,2970.2
DOM,REC,REC (co-op),yes,2035,3329.2
DOM,REC,REC (co-op),yes,2036,3777.6
DOM,REC,REC (co-op),yes,2037,4391.6
DOM,REC,REC (co-op),yes,2038,4783.3
DOM,REC,REC (co-op),yes,2039,4885.3
DOM,REC,REC (co-op),yes,2040,4976.5
DOM,REC,REC (co-op),yes,2041,5005.7
DOM,REC,REC (co-op),yes,2042,5089.7
DOM,REC,REC (co-op),yes,2043,5114.4
DOM,REC,REC (co-op),yes,2044,5114.4
DOM,REC,REC (co-op),yes,2045,5114.4
DOM,REC,REC (co-op),yes,2046,5114.4
